-- phpMyAdmin SQL Dump
-- version 5.1.1
-- https://www.phpmyadmin.net/
--
-- Hôte : 127.0.0.1:3306
-- Généré le : ven. 01 avr. 2022 à 14:12
-- Version du serveur : 5.7.36
-- Version de PHP : 7.4.26

SET SQL_MODE = "NO_AUTO_VALUE_ON_ZERO";
START TRANSACTION;
SET time_zone = "+00:00";


/*!40101 SET @OLD_CHARACTER_SET_CLIENT=@@CHARACTER_SET_CLIENT */;
/*!40101 SET @OLD_CHARACTER_SET_RESULTS=@@CHARACTER_SET_RESULTS */;
/*!40101 SET @OLD_COLLATION_CONNECTION=@@COLLATION_CONNECTION */;
/*!40101 SET NAMES utf8mb4 */;

--
-- Base de données : `annuaire_de_maitre`
--

-- --------------------------------------------------------

--
-- Structure de la table `annuaire`
--

DROP TABLE IF EXISTS `annuaire`;
CREATE TABLE IF NOT EXISTS `annuaire` (
  `IDannuaire` int(11) NOT NULL AUTO_INCREMENT,
  `IDuser` int(11) NOT NULL,
  `nom` varchar(255) NOT NULL,
  `prenom` varchar(255) NOT NULL,
  `adresse` text NOT NULL,
  PRIMARY KEY (`IDannuaire`),
  KEY `user/annuaire` (`IDuser`)
) ENGINE=InnoDB AUTO_INCREMENT=191 DEFAULT CHARSET=utf8mb4;

--
-- Déchargement des données de la table `annuaire`
--

INSERT INTO `annuaire` (`IDannuaire`, `IDuser`, `nom`, `prenom`, `adresse`) VALUES
(1, 1, 'Chartier', 'Dominique', 'Polynésie française'),
(2, 1, 'Gerard', 'Nicole', 'Guyane'),
(3, 1, 'Roussel', 'Anne', 'Picardie'),
(4, 1, 'Giraud', 'Lorraine', 'Nouvelle-Calédonie'),
(5, 1, 'Thomas', 'Danielle', 'Nord-Pas-de-Calais'),
(6, 1, 'Thibault', 'Arnaude', 'Haute-Normandie'),
(7, 1, 'Dijoux', 'Margaud', 'Franche-Comté'),
(8, 1, 'Antoine', 'Inès', 'Corse'),
(9, 1, 'Guillaume', 'Rémy', 'Basse-Normandie'),
(10, 1, 'Imbert', 'Sylvie', 'Alsace'),
(11, 1, 'Gimenez', 'Jeanne', 'Provence-Alpes-Côte d\'Azur'),
(12, 2, 'Laine', 'Émile', 'Midi-Pyrénées'),
(13, 2, 'Rodriguez', 'Julie', 'Mayotte'),
(14, 2, 'Richard', 'Roger', 'Midi-Pyrénées'),
(15, 2, 'Etienne', 'Dorothée', 'Mayotte'),
(16, 2, 'Hardy', 'Emmanuelle', 'Rhone-Alpes'),
(17, 2, 'Lemoine', 'Théodore', 'Bretagne'),
(18, 2, 'Martin', 'Émile', 'Franche-Comté'),
(19, 2, 'Lemonnier', 'André', 'Franche-Comté'),
(20, 2, 'Maillet', 'Marcel', 'Limousin'),
(21, 2, 'Rocher', 'Susanne', 'Martinique'),
(22, 2, 'David', 'Nicolas', 'Mayotte'),
(23, 3, 'Legendre', 'Capucine', 'Nouvelle-Calédonie'),
(24, 3, 'Ollivier', 'Thibaut', 'Corse'),
(25, 3, 'Petit', 'Philippine', 'Réunion'),
(26, 3, 'Legros', 'Richard', 'Réunion'),
(27, 3, 'Dufour', 'Céline', 'Bretagne'),
(28, 3, 'Petit', 'Nathalie', 'Martinique'),
(29, 3, 'Daniel', 'Guy', 'Nord-Pas-de-Calais'),
(30, 3, 'Didier', 'Jeannine', 'Saint-Pierre-et-Miquelon'),
(31, 3, 'Lenoir', 'Claudine', 'Bretagne'),
(32, 3, 'Devaux', 'Charlotte', 'Réunion'),
(33, 3, 'Weiss', 'Nathalie', 'Saint-Barthélémy'),
(34, 4, 'Baudry', 'Célina', 'Martinique'),
(35, 4, 'Pottier', 'Maryse', 'Provence-Alpes-Côte d\'Azur'),
(36, 4, 'Barbier', 'Bernard', 'Polynésie française'),
(37, 4, 'Jacquet', 'Margaux', 'Centre'),
(38, 4, 'Mercier', 'Alexandre', 'Champagne-Ardenne'),
(39, 4, 'Gay', 'Océane', 'Guadeloupe'),
(40, 4, 'Marques', 'Guillaume', 'Saint-Martin'),
(41, 4, 'Barre', 'Noël', 'Pays-de-Loire'),
(42, 4, 'Barthelemy', 'Arthur', 'Nouvelle-Calédonie'),
(43, 4, 'Goncalves', 'Alexandrie', 'Rhone-Alpes'),
(44, 4, 'Gay', 'Georges', 'Guyane'),
(45, 5, 'Duval', 'Édith', 'Centre'),
(46, 5, 'Benard', 'Philippe', 'Franche-Comté'),
(47, 5, 'Descamps', 'Jean', 'Wallis-et-Futuna'),
(48, 5, 'Godard', 'Audrey', 'Haute-Normandie'),
(49, 5, 'Loiseau', 'Margaret', 'Nord-Pas-de-Calais'),
(50, 5, 'Brunet', 'Maggie', 'Midi-Pyrénées'),
(51, 5, 'Merle', 'Jeannine', 'Auvergne'),
(52, 5, 'Boucher', 'Henriette', 'Nord-Pas-de-Calais'),
(53, 5, 'Garnier', 'Lucie', 'Île-de-France'),
(54, 5, 'Berthelot', 'Bernadette', 'Guyane'),
(55, 5, 'Godard', 'Odette', 'Polynésie française'),
(56, 6, 'Legrand', 'Andrée', 'Mayotte'),
(57, 6, 'Texier', 'Valérie', 'Auvergne'),
(58, 6, 'Tessier', 'Patricia', 'Saint-Pierre-et-Miquelon'),
(59, 6, 'Rousset', 'Christiane', 'Languedoc-Roussillon'),
(60, 6, 'Leclerc', 'Cécile', 'Saint-Barthélémy'),
(61, 6, 'Prevost', 'Joséphine', 'Midi-Pyrénées'),
(62, 6, 'Garcia', 'David', 'Réunion'),
(63, 6, 'Martel', 'Jeannine', 'Centre'),
(64, 6, 'Guyot', 'Nathalie', 'Alsace'),
(65, 6, 'Begue', 'Lucie', 'Wallis-et-Futuna'),
(66, 6, 'Prevost', 'Océane', 'Guadeloupe'),
(67, 7, 'Boucher', 'Margaud', 'Saint-Pierre-et-Miquelon'),
(68, 7, 'Ribeiro', 'Jérôme', 'Bourgogne'),
(69, 7, 'Hoareau', 'Marcel', 'Polynésie française'),
(70, 7, 'Lopes', 'Pierre', 'Saint-Pierre-et-Miquelon'),
(71, 7, 'Roy', 'Monique', 'Saint-Barthélémy'),
(72, 7, 'Begue', 'Suzanne', 'Guadeloupe'),
(73, 7, 'Humbert', 'Rémy', 'Corse'),
(74, 7, 'Garcia', 'Lucas', 'Guadeloupe'),
(75, 7, 'Raynaud', 'Robert', 'Basse-Normandie'),
(76, 7, 'Weiss', 'Claire', 'Champagne-Ardenne'),
(77, 7, 'Benard', 'Paul', 'Alsace'),
(78, 8, 'Rousset', 'Roger', 'Nouvelle-Calédonie'),
(79, 8, 'Albert', 'Alfred', 'Pays-de-Loire'),
(80, 8, 'Rousset', 'Lucy', 'Île-de-France'),
(81, 8, 'Simon', 'Martin', 'Wallis-et-Futuna'),
(82, 8, 'Thomas', 'Élise', 'Guadeloupe'),
(83, 8, 'Lopez', 'Véronique', 'Martinique'),
(84, 8, 'Cohen', 'Sylvie', 'Lorraine'),
(85, 8, 'Gilbert', 'Alix', 'Bretagne'),
(86, 8, 'Allard', 'Marie', 'Saint-Pierre-et-Miquelon'),
(87, 8, 'Fernandes', 'Étienne', 'Guyane'),
(88, 8, 'Neveu', 'Franck', 'Guadeloupe'),
(89, 9, 'Guilbert', 'Maurice', 'Centre'),
(90, 9, 'Legrand', 'Franck', 'Nouvelle-Calédonie'),
(91, 9, 'Techer', 'Guillaume', 'Bourgogne'),
(92, 9, 'Wagner', 'Raymond', 'Limousin'),
(93, 9, 'Guichard', 'Jules', 'Réunion'),
(94, 9, 'Brunet', 'Patricia', 'Aquitaine'),
(95, 9, 'Meunier', 'Claude', 'Aquitaine'),
(96, 9, 'Lambert', 'Geneviève', 'Pays-de-Loire'),
(97, 9, 'Duhamel', 'Benoît', 'Picardie'),
(98, 9, 'Adam', 'Chantal', 'Saint-Pierre-et-Miquelon'),
(99, 9, 'Rossi', 'François', 'Corse'),
(100, 10, 'Robert', 'Tristan', 'Mayotte'),
(101, 10, 'Bouchet', 'Philippine', 'Haute-Normandie'),
(102, 10, 'Le Gall', 'Auguste', 'Auvergne'),
(103, 10, 'Benard', 'Christelle', 'Rhone-Alpes'),
(104, 10, 'Michaud', 'Julien', 'Picardie'),
(105, 10, 'Martineau', 'Christiane', 'Pays-de-Loire'),
(106, 10, 'Alves', 'Olivier', 'Réunion'),
(107, 10, 'Gosselin', 'Alice', 'Bourgogne'),
(108, 10, 'Boucher', 'Noël', 'Guadeloupe'),
(109, 10, 'Poirier', 'Marc', 'Franche-Comté'),
(110, 10, 'Colin', 'Éléonore', 'Saint-Barthélémy'),
(111, 11, 'Dos Santos', 'Thérèse', 'Rhone-Alpes'),
(112, 11, 'Simon', 'André', 'Saint-Barthélémy'),
(113, 11, 'Evrard', 'Christiane', 'Languedoc-Roussillon'),
(114, 11, 'Martineau', 'David', 'Guyane'),
(115, 11, 'Etienne', 'Gabrielle', 'Nouvelle-Calédonie'),
(116, 11, 'Sauvage', 'Inès', 'Bourgogne'),
(117, 11, 'Bonnet', 'Michel', 'Wallis-et-Futuna'),
(118, 11, 'Moulin', 'Sébastien', 'Bourgogne'),
(119, 11, 'Noel', 'Alfred', 'Nord-Pas-de-Calais'),
(120, 11, 'Delannoy', 'Émile', 'Picardie'),
(121, 11, 'Langlois', 'Noémi', 'Saint-Barthélémy'),
(122, 12, 'Reynaud', 'Yves', 'Languedoc-Roussillon'),
(123, 12, 'Rocher', 'Adrienne', 'Saint-Barthélémy'),
(124, 12, 'Duhamel', 'Joseph', 'Wallis-et-Futuna'),
(125, 12, 'Chauvin', 'Adèle', 'Aquitaine'),
(126, 12, 'Blanc', 'Gilbert', 'Midi-Pyrénées'),
(127, 12, 'Marchand', 'Éléonore', 'Corse'),
(128, 12, 'Morteau', 'Océane', 'Franche-Comté'),
(129, 12, 'Lombard', 'Cécile', 'Picardie'),
(130, 12, 'Rousseau', 'Susan', 'Picardie'),
(131, 12, 'Bailly', 'Emmanuelle', 'Polynésie française'),
(132, 12, 'Leblanc', 'Michèle', 'Haute-Normandie'),
(133, 13, 'Ribeiro', 'Corinne', 'Champagne-Ardenne'),
(134, 13, 'Renard', 'Noël', 'Nord-Pas-de-Calais'),
(135, 13, 'Texier', 'Élodie', 'Bourgogne'),
(136, 13, 'Gomes', 'Margaret', 'Mayotte'),
(137, 13, 'Baron', 'Françoise', 'Polynésie française'),
(138, 13, 'Bonneau', 'Cécile', 'Centre'),
(139, 13, 'Launay', 'Lucas', 'Martinique'),
(140, 13, 'Le Goff', 'Gilbert', 'Saint-Martin'),
(141, 13, 'Verdier', 'Luc', 'Picardie'),
(142, 13, 'Legendre', 'Nicole', 'Polynésie française'),
(143, 13, 'Vidal', 'Astrid', 'Martinique'),
(144, 14, 'Nguyen', 'Léon', 'Provence-Alpes-Côte d\'Azur'),
(145, 14, 'Schneider', 'Pauline', 'Provence-Alpes-Côte d\'Azur'),
(146, 14, 'Lemaire', 'Théophile', 'Auvergne'),
(147, 14, 'Briand', 'Jeannine', 'Corse'),
(148, 14, 'Monnier', 'Arthur', 'Picardie'),
(149, 14, 'Albert', 'Aimé', 'Aquitaine'),
(150, 14, 'Marie', 'Marthe', 'Mayotte'),
(151, 14, 'Guillot', 'Timothée', 'Polynésie française'),
(152, 14, 'Briand', 'Virginie', 'Nord-Pas-de-Calais'),
(153, 14, 'Dupuy', 'Alphonse', 'Limousin'),
(154, 14, 'Gros', 'André', 'Guyane'),
(155, 15, 'Thibault', 'Maryse', 'Guadeloupe'),
(156, 15, 'Garnier', 'Arthur', 'Haute-Normandie'),
(157, 15, 'Millet', 'Daniel', 'Limousin'),
(158, 15, 'Delorme', 'Frédéric', 'Wallis-et-Futuna'),
(159, 15, 'Lambert', 'Noémi', 'Bretagne'),
(160, 15, 'Lefebvre', 'Stéphane', 'Saint-Pierre-et-Miquelon'),
(161, 15, 'Baron', 'Nicole', 'Nord-Pas-de-Calais'),
(162, 15, 'Ferreira', 'Marie', 'Saint-Pierre-et-Miquelon'),
(163, 15, 'Philippe', 'Victor', 'Saint-Martin'),
(164, 15, 'Begue', 'Maurice', 'Provence-Alpes-Côte d\'Azur'),
(165, 15, 'Lebrun', 'Laure', 'Rhone-Alpes'),
(166, 16, 'Ledoux', 'Laurence', 'Réunion'),
(167, 16, 'Robin', 'Christine', 'Languedoc-Roussillon'),
(168, 16, 'Lebreton', 'Denis', 'Aquitaine'),
(169, 16, 'Rossi', 'Chantal', 'Saint-Pierre-et-Miquelon'),
(170, 16, 'Pinto', 'Maryse', 'Provence-Alpes-Côte d\'Azur'),
(171, 16, 'Perret', 'Lucy', 'Limousin'),
(172, 16, 'Caron', 'Antoine', 'Bretagne'),
(173, 16, 'Blanc', 'Alphonse', 'Saint-Barthélémy'),
(174, 16, 'Weber', 'Henri', 'Bourgogne'),
(175, 16, 'De Oliveira', 'Sylvie', 'Poitou-Charentes'),
(176, 16, 'Marin', 'Philippe', 'Limousin'),
(177, 17, 'Faure', 'Philippe', 'Centre'),
(178, 17, 'Bourdon', 'Manon', 'Martinique'),
(179, 17, 'Gauthier', 'Laurent', 'Rhone-Alpes'),
(180, 17, 'Leger', 'Élodie', 'Mayotte'),
(181, 17, 'Riviere', 'Pauline', 'Mayotte'),
(182, 17, 'Colas', 'David', 'Midi-Pyrénées'),
(183, 17, 'Jourdan', 'Geneviève', 'Pays-de-Loire'),
(184, 17, 'Salmon', 'Margot', 'Bretagne'),
(185, 17, 'Bonnin', 'Lucy', 'Poitou-Charentes'),
(186, 17, 'Joly', 'Clémence', 'Bourgogne'),
(187, 17, 'Lemoine', 'Jules', 'Provence-Alpes-Côte d\'Azur'),
(189, 2, 'igor', 'francois', 'Vosges');

-- --------------------------------------------------------

--
-- Structure de la table `annuaire/specialiter`
--

DROP TABLE IF EXISTS `annuaire/specialiter`;
CREATE TABLE IF NOT EXISTS `annuaire/specialiter` (
  `IDannuaire/specialiter` int(11) NOT NULL AUTO_INCREMENT,
  `IDspecialiter` int(11) NOT NULL,
  `IDannuaire` int(11) NOT NULL,
  PRIMARY KEY (`IDannuaire/specialiter`),
  KEY `annuaire/specialiter` (`IDannuaire`),
  KEY `annuaire/specialiter2` (`IDspecialiter`)
) ENGINE=InnoDB AUTO_INCREMENT=276 DEFAULT CHARSET=utf8mb4;

--
-- Déchargement des données de la table `annuaire/specialiter`
--

INSERT INTO `annuaire/specialiter` (`IDannuaire/specialiter`, `IDspecialiter`, `IDannuaire`) VALUES
(1, 3, 1),
(2, 2, 1),
(3, 1, 2),
(4, 3, 2),
(5, 5, 3),
(6, 6, 4),
(7, 4, 4),
(8, 3, 5),
(9, 2, 6),
(10, 4, 6),
(11, 3, 7),
(12, 2, 8),
(13, 3, 8),
(14, 5, 9),
(15, 6, 9),
(16, 6, 10),
(17, 5, 11),
(18, 5, 12),
(19, 6, 13),
(20, 1, 13),
(21, 4, 14),
(22, 6, 15),
(23, 1, 16),
(24, 5, 17),
(25, 3, 17),
(26, 3, 18),
(27, 3, 19),
(28, 6, 20),
(29, 5, 20),
(30, 6, 21),
(31, 4, 21),
(32, 1, 22),
(33, 3, 23),
(34, 4, 24),
(35, 1, 24),
(36, 3, 25),
(37, 1, 26),
(38, 4, 26),
(39, 5, 27),
(40, 2, 27),
(41, 2, 25),
(42, 3, 29),
(43, 1, 30),
(44, 5, 30),
(45, 2, 31),
(46, 5, 31),
(47, 4, 32),
(48, 1, 32),
(49, 2, 33),
(50, 3, 34),
(51, 1, 34),
(52, 5, 35),
(53, 6, 35),
(54, 4, 36),
(55, 2, 37),
(56, 3, 37),
(57, 5, 38),
(58, 2, 39),
(59, 4, 40),
(60, 2, 40),
(61, 6, 41),
(62, 3, 42),
(63, 5, 42),
(64, 6, 43),
(65, 2, 43),
(66, 4, 39),
(67, 3, 45),
(68, 1, 46),
(69, 3, 46),
(70, 1, 47),
(71, 1, 47),
(72, 5, 48),
(73, 1, 48),
(74, 4, 49),
(75, 6, 49),
(76, 1, 50),
(77, 4, 50),
(78, 3, 51),
(79, 5, 52),
(80, 4, 53),
(81, 6, 54),
(82, 6, 48),
(83, 2, 56),
(84, 1, 56),
(85, 1, 57),
(86, 4, 57),
(87, 4, 58),
(88, 1, 59),
(89, 3, 59),
(90, 4, 60),
(91, 6, 60),
(92, 5, 61),
(93, 5, 61),
(94, 3, 62),
(95, 4, 62),
(96, 2, 63),
(97, 2, 64),
(98, 2, 64),
(99, 1, 65),
(100, 3, 65),
(101, 3, 61),
(102, 3, 52),
(103, 1, 68),
(104, 5, 69),
(105, 3, 69),
(106, 1, 70),
(107, 4, 71),
(108, 2, 65),
(109, 6, 65),
(110, 6, 73),
(111, 4, 73),
(112, 6, 62),
(113, 4, 75),
(114, 5, 75),
(115, 3, 33),
(116, 5, 33),
(117, 6, 46),
(118, 6, 46),
(119, 3, 59),
(120, 3, 59),
(121, 4, 79),
(122, 4, 79),
(123, 4, 59),
(124, 4, 81),
(125, 4, 5),
(126, 5, 83),
(127, 4, 84),
(128, 1, 85),
(129, 5, 86),
(130, 3, 87),
(131, 3, 88),
(132, 3, 89),
(133, 3, 89),
(134, 1, 56),
(135, 5, 56),
(136, 6, 91),
(137, 5, 92),
(138, 6, 92),
(139, 5, 93),
(140, 1, 50),
(141, 3, 95),
(142, 3, 95),
(143, 1, 96),
(144, 6, 97),
(145, 1, 98),
(146, 1, 99),
(147, 4, 100),
(148, 3, 101),
(149, 6, 101),
(150, 2, 102),
(151, 5, 46),
(152, 3, 46),
(153, 2, 104),
(154, 2, 105),
(155, 1, 105),
(156, 1, 106),
(157, 2, 107),
(158, 5, 107),
(159, 1, 52),
(160, 3, 52),
(161, 4, 109),
(162, 6, 109),
(163, 4, 110),
(164, 6, 111),
(165, 2, 81),
(166, 5, 81),
(167, 1, 113),
(168, 3, 105),
(169, 4, 15),
(170, 3, 116),
(171, 5, 116),
(172, 4, 117),
(173, 3, 117),
(174, 6, 118),
(175, 2, 119),
(176, 6, 119),
(177, 3, 120),
(178, 6, 120),
(179, 6, 121),
(180, 2, 121),
(181, 3, 122),
(182, 2, 21),
(183, 3, 97),
(184, 3, 125),
(185, 3, 126),
(186, 1, 127),
(187, 6, 127),
(188, 2, 128),
(189, 5, 128),
(190, 4, 129),
(191, 4, 130),
(192, 2, 130),
(193, 2, 131),
(194, 6, 131),
(195, 5, 132),
(196, 4, 68),
(197, 1, 68),
(198, 4, 134),
(199, 4, 134),
(200, 5, 57),
(201, 3, 57),
(202, 4, 136),
(203, 4, 136),
(204, 2, 137),
(205, 6, 138),
(206, 5, 139),
(207, 2, 140),
(208, 5, 141),
(209, 1, 141),
(210, 3, 23),
(211, 5, 23),
(212, 1, 143),
(213, 3, 144),
(214, 6, 144),
(215, 3, 145),
(216, 5, 145),
(217, 5, 146),
(218, 1, 146),
(219, 2, 147),
(220, 2, 148),
(221, 3, 79),
(222, 6, 150),
(223, 6, 151),
(224, 6, 151),
(225, 6, 147),
(226, 6, 147),
(227, 4, 153),
(228, 6, 154),
(229, 2, 6),
(230, 6, 6),
(231, 1, 53),
(232, 6, 53),
(233, 3, 157),
(234, 4, 157),
(235, 4, 158),
(236, 1, 96),
(237, 3, 160),
(238, 2, 137),
(239, 4, 137),
(240, 1, 162),
(241, 1, 163),
(242, 3, 65),
(243, 1, 65),
(244, 3, 165),
(245, 6, 165),
(246, 3, 166),
(247, 2, 166),
(248, 3, 167),
(249, 4, 168),
(250, 4, 99),
(251, 1, 170),
(252, 3, 171),
(253, 4, 171),
(254, 6, 172),
(255, 3, 126),
(256, 6, 126),
(257, 2, 174),
(258, 3, 175),
(259, 4, 175),
(260, 2, 176),
(261, 6, 176),
(262, 6, 177),
(263, 3, 177),
(264, 2, 178),
(265, 4, 178),
(266, 1, 179),
(267, 2, 179),
(268, 3, 180),
(269, 2, 181),
(270, 4, 182),
(271, 3, 183),
(272, 6, 184),
(273, 6, 185),
(274, 3, 186),
(275, 4, 17);

-- --------------------------------------------------------

--
-- Structure de la table `email`
--

DROP TABLE IF EXISTS `email`;
CREATE TABLE IF NOT EXISTS `email` (
  `IDemail` int(11) NOT NULL AUTO_INCREMENT,
  `IDannuaire` int(11) NOT NULL,
  `email` varchar(100) NOT NULL,
  PRIMARY KEY (`IDemail`),
  UNIQUE KEY `email` (`email`),
  KEY `annuaire/email` (`IDannuaire`)
) ENGINE=InnoDB AUTO_INCREMENT=768 DEFAULT CHARSET=utf8mb4;

--
-- Déchargement des données de la table `email`
--

INSERT INTO `email` (`IDemail`, `IDannuaire`, `email`) VALUES
(1, 1, 'ucarpentier@gomes.fr'),
(2, 1, 'marin.adrienne@tele2.fr'),
(3, 2, 'laurent.clerc@pruvost.com'),
(4, 2, 'helene.brunel@hotmail.fr'),
(5, 3, 'clemence.monnier@dias.com'),
(6, 3, 'kcaron@sfr.fr'),
(7, 3, 'anouk90@dbmail.com'),
(8, 3, 'adelaide29@texier.com'),
(9, 4, 'camille.vaillant@carre.org'),
(10, 4, 'roland.charpentier@dbmail.com'),
(11, 4, 'gabriel.letellier@schneider.com'),
(12, 5, 'gmaillard@noos.fr'),
(13, 5, 'elodie23@club-internet.fr'),
(14, 5, 'ytexier@wanadoo.fr'),
(15, 5, 'hhubert@goncalves.fr'),
(16, 5, 'roger97@dbmail.com'),
(17, 5, 'olegoff@wanadoo.fr'),
(18, 6, 'blanchet.sabine@schneider.com'),
(19, 6, 'xcousin@picard.net'),
(20, 7, 'marchand.alex@wanadoo.fr'),
(21, 7, 'alfred06@petit.net'),
(22, 8, 'bigot.martin@free.fr'),
(23, 8, 'theodore24@andre.org'),
(24, 8, 'sylvie61@tiscali.fr'),
(25, 8, 'marchal.antoine@noos.fr'),
(26, 8, 'marchand.roland@mathieu.fr'),
(27, 8, 'hpetitjean@gaillard.com'),
(28, 9, 'legendre.arthur@gregoire.com'),
(29, 9, 'ybonneau@gmail.com'),
(30, 9, 'remy61@perrin.org'),
(31, 9, 'gerard.marthe@dbmail.com'),
(32, 9, 'valerie97@garnier.fr'),
(33, 10, 'margot.camus@bouygtel.fr'),
(34, 10, 'marin.guillaume@torres.fr'),
(35, 10, 'dlacroix@yahoo.fr'),
(36, 10, 'noel25@laposte.net'),
(37, 10, 'qcarpentier@berthelot.com'),
(38, 10, 'victor.jean@noos.fr'),
(39, 11, 'valerie93@jean.com'),
(40, 11, 'lgrondin@teixeira.com'),
(41, 12, 'delattre.michele@parent.fr'),
(42, 12, 'jean.guyot@colas.com'),
(43, 12, 'hlambert@berger.com'),
(44, 12, 'coulon.laetitia@orange.fr'),
(45, 12, 'edith40@live.com'),
(46, 12, 'kbriand@leduc.net'),
(47, 13, 'chauvin.benoit@bouygtel.fr'),
(48, 13, 'david.riou@wanadoo.fr'),
(49, 13, 'cbaudry@club-internet.fr'),
(50, 14, 'fournier.alex@bonnin.com'),
(51, 14, 'antoine.simon@club-internet.fr'),
(52, 14, 'aime86@briand.fr'),
(53, 14, 'vvallee@marechal.com'),
(54, 14, 'francois.bernadette@chauvin.com'),
(55, 14, 'josette75@bouygtel.fr'),
(56, 15, 'marcel.pages@noos.fr'),
(57, 15, 'arthur.garcia@live.com'),
(58, 15, 'frederique.lefort@lecomte.com'),
(59, 16, 'jchauvet@ifrance.com'),
(60, 16, 'gvallet@roy.net'),
(61, 16, 'goncalves.caroline@club-internet.fr'),
(62, 17, 'bernadette.durand@bonneau.com'),
(63, 17, 'fernandez.nicole@bouvet.com'),
(64, 17, 'margaux.hubert@laine.fr'),
(65, 17, 'bruneau.pierre@lefebvre.org'),
(66, 17, 'emmanuel25@laposte.net'),
(67, 17, 'louise67@boucher.net'),
(68, 18, 'luc19@marchal.com'),
(69, 18, 'amuller@becker.com'),
(70, 18, 'georges30@mendes.fr'),
(71, 18, 'thibault34@lecomte.fr'),
(72, 19, 'veronique15@laposte.net'),
(73, 19, 'thomas.weber@gmail.com'),
(74, 19, 'dubois.olivier@gmail.com'),
(75, 20, 'claude.pierre@tele2.fr'),
(76, 20, 'monnier.auguste@brunet.com'),
(77, 20, 'jeanne59@live.com'),
(78, 20, 'cohen.frederique@dbmail.com'),
(79, 21, 'samson.arnaude@hotmail.fr'),
(80, 21, 'dpierre@tiscali.fr'),
(81, 21, 'duhamel.chantal@free.fr'),
(82, 21, 'allard.denis@rodrigues.com'),
(83, 21, 'hugues.lesage@free.fr'),
(84, 22, 'elisabeth79@lejeune.fr'),
(85, 22, 'jerome58@boulanger.org'),
(86, 22, 'thomas.leger@barbe.com'),
(87, 22, 'gperez@meyer.net'),
(88, 23, 'masson.brigitte@club-internet.fr'),
(89, 23, 'svasseur@orange.fr'),
(90, 23, 'guillou.aimee@dupont.com'),
(91, 24, 'dasilva.nathalie@millet.fr'),
(92, 24, 'julien09@wanadoo.fr'),
(93, 24, 'richard.gautier@millet.org'),
(94, 24, 'frederic.hubert@leblanc.com'),
(95, 24, 'jregnier@club-internet.fr'),
(96, 24, 'astrid.leleu@giraud.fr'),
(97, 25, 'andre16@orange.fr'),
(98, 25, 'yherve@sfr.fr'),
(99, 25, 'julie89@antoine.com'),
(100, 25, 'lesage.honore@voila.fr'),
(101, 26, 'morin.louis@durand.com'),
(102, 26, 'ygregoire@gomez.net'),
(103, 26, 'emmanuelle.peron@ifrance.com'),
(104, 26, 'william.coste@tele2.fr'),
(105, 27, 'josephine.briand@peron.org'),
(106, 27, 'ndesousa@leroy.org'),
(107, 27, 'veronique43@moreno.fr'),
(108, 27, 'martin.michel@live.com'),
(109, 27, 'girard.renee@tiscali.fr'),
(110, 27, 'elisabeth09@desousa.org'),
(111, 25, 'klacombe@free.fr'),
(112, 25, 'parent.chantal@lacroix.fr'),
(113, 25, 'rolland.noel@gmail.com'),
(114, 29, 'charles15@sfr.fr'),
(115, 29, 'dchartier@dbmail.com'),
(116, 29, 'david56@bouygtel.fr'),
(117, 29, 'matthieu.bouvier@marques.com'),
(118, 29, 'bazin.raymond@laposte.net'),
(119, 30, 'leroy.chantal@ifrance.com'),
(120, 30, 'hlegendre@voila.fr'),
(121, 30, 'bernadette84@thibault.org'),
(122, 30, 'renee90@voila.fr'),
(123, 31, 'antoinette.briand@paul.com'),
(124, 31, 'adele92@wanadoo.fr'),
(125, 31, 'timothee.guichard@live.com'),
(126, 31, 'francois.dumas@hotmail.fr'),
(127, 31, 'marc54@auger.com'),
(128, 31, 'thomas40@lesage.net'),
(129, 32, 'sfaure@masson.com'),
(130, 32, 'philippe.petit@ifrance.com'),
(131, 32, 'chevallier.thierry@roux.org'),
(132, 32, 'sebastien28@dufour.fr'),
(133, 32, 'victor46@noos.fr'),
(134, 32, 'thibault83@besnard.fr'),
(135, 33, 'wherve@laposte.net'),
(136, 33, 'boulanger.celina@live.com'),
(137, 33, 'jmichel@jacquet.com'),
(138, 34, 'alain.delaunay@fournier.org'),
(139, 34, 'margot12@faure.fr'),
(140, 34, 'zsauvage@rossi.fr'),
(141, 34, 'renaud.emile@bouygtel.fr'),
(142, 34, 'monnier.pierre@cordier.net'),
(143, 34, 'denise.herve@hernandez.fr'),
(144, 35, 'aurore.dossantos@marty.fr'),
(145, 35, 'mahe.frederic@yahoo.fr'),
(146, 36, 'charrier.laetitia@hotmail.fr'),
(147, 36, 'chevalier.catherine@rolland.org'),
(148, 37, 'marine.delorme@yahoo.fr'),
(149, 37, 'virginie.bertin@faivre.net'),
(150, 37, 'genevieve15@guillot.org'),
(151, 37, 'ppelletier@tele2.fr'),
(152, 38, 'julie34@ribeiro.com'),
(153, 38, 'emilie92@live.com'),
(154, 39, 'wagner.thibaut@meunier.net'),
(155, 39, 'zoe14@clerc.fr'),
(156, 39, 'cecile.muller@devaux.fr'),
(157, 39, 'barbe.maurice@michaud.com'),
(158, 39, 'virginie.dupuis@gonzalez.fr'),
(159, 39, 'kchretien@prevost.org'),
(160, 40, 'veronique.colas@raymond.com'),
(161, 40, 'margot27@rousseau.net'),
(162, 40, 'anne27@auger.com'),
(163, 40, 'lombard.martine@devaux.net'),
(164, 40, 'poirier.william@ifrance.com'),
(165, 40, 'alexandre74@meyer.com'),
(166, 41, 'sdavid@clerc.com'),
(167, 41, 'vmary@dupuis.fr'),
(168, 41, 'antoinette62@gmail.com'),
(169, 41, 'andre.carre@gaudin.com'),
(170, 41, 'jacquet.luc@perrin.org'),
(171, 42, 'alex.caron@gmail.com'),
(172, 42, 'catherine.voisin@garcia.net'),
(173, 42, 'martin78@pelletier.net'),
(174, 42, 'jacques38@benoit.com'),
(175, 43, 'rolland.brigitte@gmail.com'),
(176, 43, 'bouvier.lorraine@pelletier.fr'),
(177, 43, 'vtecher@live.com'),
(178, 43, 'auguste.mary@ifrance.com'),
(179, 43, 'menard.thibaut@noos.fr'),
(180, 39, 'antoine.perrin@dbmail.com'),
(181, 39, 'jeannine.bousquet@laposte.net'),
(182, 39, 'qfouquet@riviere.com'),
(183, 39, 'claire14@rousseau.com'),
(184, 45, 'merle.pauline@laposte.net'),
(185, 45, 'emmanuel.turpin@alexandre.fr'),
(186, 46, 'breton.agathe@sfr.fr'),
(187, 46, 'gonzalez.patrick@muller.com'),
(188, 46, 'ylefort@rey.fr'),
(189, 47, 'leroux.alexandre@free.fr'),
(190, 47, 'umaury@voila.fr'),
(191, 47, 'raynaud.susan@rodrigues.org'),
(192, 48, 'legrand.guillaume@ifrance.com'),
(193, 48, 'frederique.collin@wanadoo.fr'),
(194, 49, 'vincent.menard@regnier.fr'),
(195, 49, 'dufour.henriette@mathieu.com'),
(196, 49, 'marchal.penelope@sfr.fr'),
(197, 49, 'cousin.marcel@lopez.org'),
(198, 49, 'sylvie.brunet@bouygtel.fr'),
(199, 49, 'louis94@arnaud.com'),
(200, 50, 'rlegoff@noos.fr'),
(201, 50, 'claudine.chauveau@boulanger.fr'),
(202, 51, 'xlegendre@tele2.fr'),
(203, 51, 'dupuis.patricia@marty.net'),
(204, 51, 'zoe04@tiscali.fr'),
(205, 51, 'vfoucher@gaudin.fr'),
(206, 52, 'celine.royer@tele2.fr'),
(207, 52, 'charles72@sfr.fr'),
(208, 52, 'edouard.bonneau@sfr.fr'),
(209, 52, 'pblot@hotmail.fr'),
(210, 52, 'muller.adele@voila.fr'),
(211, 53, 'fdurand@gmail.com'),
(212, 53, 'nlecomte@tiscali.fr'),
(213, 54, 'emile91@club-internet.fr'),
(214, 54, 'jacques.normand@noos.fr'),
(215, 54, 'hmartins@vallee.fr'),
(216, 54, 'guillaume30@hotmail.fr'),
(217, 54, 'alphonse52@wagner.fr'),
(218, 54, 'leclerc.alexandrie@gmail.com'),
(219, 48, 'luc.alexandre@muller.com'),
(220, 48, 'barthelemy.olivier@wanadoo.fr'),
(221, 48, 'oceane79@schmitt.fr'),
(222, 48, 'idijoux@tele2.fr'),
(223, 48, 'dominique.chauvet@live.com'),
(224, 48, 'marin.laurent@free.fr'),
(225, 56, 'jean57@colin.com'),
(226, 56, 'michele.marie@bonnet.fr'),
(227, 57, 'xlaporte@tiscali.fr'),
(228, 57, 'bernier.madeleine@texier.fr'),
(229, 58, 'sdeschamps@wanadoo.fr'),
(230, 58, 'roche.josephine@wagner.com'),
(231, 58, 'teixeira.margot@evrard.fr'),
(232, 58, 'celina60@deschamps.com'),
(233, 58, 'gosselin.josephine@orange.fr'),
(234, 58, 'jerome.fernandes@dasilva.org'),
(235, 59, 'alix.mary@tele2.fr'),
(236, 59, 'lombard.amelie@hotmail.fr'),
(237, 59, 'baron.astrid@laposte.net'),
(238, 59, 'audrey30@orange.fr'),
(239, 60, 'stephanie.albert@wanadoo.fr'),
(240, 60, 'klein.alice@lelievre.org'),
(241, 60, 'auguste96@renault.com'),
(242, 60, 'pdiaz@live.com'),
(243, 61, 'theodore.blanc@duval.fr'),
(244, 61, 'rene.girard@dacosta.org'),
(245, 62, 'qlegendre@wanadoo.fr'),
(246, 62, 'jean.alix@bouygtel.fr'),
(247, 62, 'zoe69@riviere.com'),
(248, 62, 'thierry54@dupont.com'),
(249, 62, 'sgros@yahoo.fr'),
(250, 63, 'kgregoire@live.com'),
(251, 63, 'juliette63@allain.org'),
(252, 63, 'corinne36@maillard.net'),
(253, 64, 'thibaut55@fernandez.com'),
(254, 64, 'noel83@club-internet.fr'),
(255, 64, 'boulay.lucie@barthelemy.com'),
(256, 64, 'hugues13@leconte.com'),
(257, 64, 'fournier.louis@alexandre.fr'),
(258, 64, 'leconte.francoise@laposte.net'),
(259, 65, 'fournier.lorraine@yahoo.fr'),
(260, 65, 'bernadette59@gmail.com'),
(261, 61, 'charles.dupuis@noos.fr'),
(262, 61, 'georges.martins@renard.org'),
(263, 52, 'pelletier.patrick@auger.org'),
(264, 52, 'matthieu.robin@maury.fr'),
(265, 52, 'frederique44@club-internet.fr'),
(266, 68, 'margaux.bonnet@laposte.net'),
(267, 68, 'david.stephane@moulin.fr'),
(268, 68, 'aurelie.hebert@sanchez.com'),
(269, 68, 'pereira.isabelle@noos.fr'),
(270, 68, 'hebert.gabriel@pelletier.fr'),
(271, 68, 'camille.rocher@orange.fr'),
(272, 69, 'besson.patrick@yahoo.fr'),
(273, 69, 'michelle39@voila.fr'),
(274, 69, 'coulon.jean@dupuis.fr'),
(275, 69, 'adrien.alexandre@tessier.fr'),
(276, 69, 'idufour@orange.fr'),
(277, 69, 'vthomas@devaux.fr'),
(278, 70, 'lriviere@lefevre.org'),
(279, 70, 'ilelievre@potier.com'),
(280, 70, 'thierry10@club-internet.fr'),
(281, 71, 'yleclercq@voila.fr'),
(282, 71, 'helene72@gmail.com'),
(283, 65, 'benjamin.chevalier@lambert.org'),
(284, 65, 'xblot@leleu.com'),
(285, 65, 'agnes.carre@bruneau.com'),
(286, 65, 'aurore.legall@bousquet.com'),
(287, 65, 'henriette.peron@chretien.com'),
(288, 73, 'haubry@yahoo.fr'),
(289, 73, 'zcouturier@chauvet.com'),
(290, 73, 'tbernier@sfr.fr'),
(291, 73, 'sophie59@tele2.fr'),
(292, 73, 'sauvage.virginie@turpin.com'),
(293, 73, 'joseph.riviere@laurent.net'),
(294, 62, 'lemonnier.raymond@courtois.org'),
(295, 62, 'remy.pereira@dupuy.fr'),
(296, 62, 'eperret@sfr.fr'),
(297, 62, 'zmartin@hotmail.fr'),
(298, 62, 'bcharrier@tele2.fr'),
(299, 75, 'ljoseph@gomes.net'),
(300, 75, 'emile00@gmail.com'),
(301, 75, 'genevieve88@yahoo.fr'),
(302, 33, 'anais74@club-internet.fr'),
(303, 33, 'normand.simone@lopez.net'),
(304, 46, 'jdijoux@hotmail.fr'),
(305, 46, 'upires@voila.fr'),
(306, 46, 'bousquet.noel@tele2.fr'),
(307, 46, 'francoise.pasquier@lecomte.fr'),
(308, 46, 'gregoire.gilbert@baudry.org'),
(309, 59, 'blondel.alfred@bruneau.com'),
(310, 59, 'aurore16@lemonnier.fr'),
(311, 59, 'simone24@rolland.net'),
(312, 59, 'esanchez@orange.fr'),
(313, 79, 'louis.prevost@petitjean.fr'),
(314, 79, 'olivie56@tele2.fr'),
(315, 79, 'ymarchal@dbmail.com'),
(316, 79, 'claudine.boulay@noos.fr'),
(317, 79, 'josette.rodriguez@giraud.org'),
(318, 59, 'virginie.legall@ledoux.fr'),
(319, 59, 'victor27@pichon.com'),
(320, 59, 'christine.dossantos@seguin.fr'),
(321, 59, 'clemence82@live.com'),
(322, 59, 'auger.thierry@sauvage.fr'),
(323, 59, 'lucas55@martin.org'),
(324, 81, 'alexandria.begue@bernard.fr'),
(325, 81, 'philippine44@noos.fr'),
(326, 5, 'dumont.alfred@voila.fr'),
(327, 5, 'giraud.andree@live.com'),
(328, 5, 'qledoux@gomez.fr'),
(329, 83, 'charles.gomes@club-internet.fr'),
(330, 83, 'ledoux.claudine@guyon.com'),
(331, 83, 'nclerc@tessier.net'),
(332, 83, 'thomas54@bouygtel.fr'),
(333, 83, 'muller.franck@roche.net'),
(334, 84, 'adrien.paris@bouygtel.fr'),
(335, 84, 'paulette03@verdier.org'),
(336, 85, 'ferrand.franck@louis.com'),
(337, 85, 'isaac.fouquet@arnaud.fr'),
(338, 86, 'antoinette26@marin.com'),
(339, 86, 'pierre.fabre@diaz.net'),
(340, 86, 'ferreira.eleonore@hotmail.fr'),
(341, 86, 'theophile.delahaye@tele2.fr'),
(342, 86, 'isabelle49@dbmail.com'),
(343, 87, 'agnes.techer@courtois.fr'),
(344, 87, 'blondel.emilie@voila.fr'),
(345, 87, 'adrien.jacob@live.com'),
(346, 87, 'klegall@noos.fr'),
(347, 87, 'pierre.honore@mathieu.net'),
(348, 88, 'mathilde.courtois@laposte.net'),
(349, 88, 'hardy.leon@dbmail.com'),
(350, 88, 'brigitte.bailly@dbmail.com'),
(351, 88, 'fernandes.daniel@didier.fr'),
(352, 88, 'michel12@leleu.net'),
(353, 88, 'claude71@hotmail.fr'),
(354, 89, 'efleury@guichard.com'),
(355, 89, 'faubert@huet.fr'),
(356, 89, 'xavier13@voila.fr'),
(357, 89, 'charles.martineau@leroux.fr'),
(358, 89, 'frederique.herve@roux.com'),
(359, 89, 'rrousseau@guyot.fr'),
(360, 56, 'renaud.andre@tele2.fr'),
(361, 56, 'vbarthelemy@launay.com'),
(362, 56, 'lemaire.anne@tele2.fr'),
(363, 56, 'noel.philippe@camus.com'),
(364, 91, 'vparent@boucher.org'),
(365, 91, 'nicole.leclerc@prevost.net'),
(366, 91, 'christine.paul@louis.org'),
(367, 91, 'nicole.laroche@wanadoo.fr'),
(368, 92, 'mary.alphonse@ifrance.com'),
(369, 92, 'marechal.theodore@tele2.fr'),
(370, 92, 'andree.roger@hotmail.fr'),
(371, 92, 'caroline.hamel@garcia.fr'),
(372, 92, 'ngregoire@tiscali.fr'),
(373, 93, 'gpayet@delaunay.fr'),
(374, 93, 'charles.anais@yahoo.fr'),
(375, 93, 'menard.isabelle@perez.com'),
(376, 93, 'scoulon@peron.net'),
(377, 50, 'umeyer@martel.com'),
(378, 50, 'dguillou@navarro.com'),
(379, 95, 'william.pierre@germain.fr'),
(380, 95, 'mleleu@orange.fr'),
(381, 95, 'christophe.leroux@dupont.com'),
(382, 95, 'dumont.valentine@live.com'),
(383, 96, 'manon69@humbert.org'),
(384, 96, 'blanchard.christophe@lebrun.org'),
(385, 97, 'arnaude.diaz@dbmail.com'),
(386, 97, 'vincent.guyon@dbmail.com'),
(387, 97, 'laurent.philippine@orange.fr'),
(388, 97, 'bchretien@bouygtel.fr'),
(389, 97, 'nicolas52@tanguy.net'),
(390, 98, 'hebert.xavier@ifrance.com'),
(391, 98, 'victoire88@dbmail.com'),
(392, 98, 'verdier.matthieu@sauvage.com'),
(393, 98, 'isaac.vaillant@valentin.net'),
(394, 98, 'caroline72@aubert.fr'),
(395, 98, 'hugues94@bouygtel.fr'),
(396, 99, 'ines70@free.fr'),
(397, 99, 'monique.colas@orange.fr'),
(398, 99, 'arnaud.tristan@loiseau.fr'),
(399, 100, 'antoine.ferrand@voila.fr'),
(400, 100, 'legendre.susan@bonneau.org'),
(401, 100, 'wfernandez@remy.org'),
(402, 100, 'emmanuelle31@free.fr'),
(403, 100, 'louis16@gmail.com'),
(404, 101, 'lorraine67@tele2.fr'),
(405, 101, 'suzanne.parent@jourdan.com'),
(406, 101, 'paulette.mary@ifrance.com'),
(407, 101, 'alix65@sfr.fr'),
(408, 101, 'pages.renee@hotmail.fr'),
(409, 102, 'psanchez@laposte.net'),
(410, 102, 'masson.marianne@orange.fr'),
(411, 102, 'leroy.celine@legoff.fr'),
(412, 46, 'martin20@imbert.com'),
(413, 46, 'leduc.remy@club-internet.fr'),
(414, 46, 'normand.noel@laposte.net'),
(415, 46, 'renee86@leclerc.com'),
(416, 46, 'sabine.gonzalez@tele2.fr'),
(417, 104, 'adele.francois@joseph.com'),
(418, 104, 'dduval@berthelot.net'),
(419, 104, 'operrier@mathieu.fr'),
(420, 105, 'wlegros@gaudin.org'),
(421, 105, 'gabriel87@hotmail.fr'),
(422, 105, 'camille.ribeiro@colas.com'),
(423, 105, 'garcia.odette@brunet.com'),
(424, 105, 'julien.leon@gmail.com'),
(425, 105, 'pages.alfred@boulay.com'),
(426, 106, 'buisson.henriette@sfr.fr'),
(427, 106, 'henriette.mathieu@gerard.com'),
(428, 106, 'perrot.henri@vasseur.fr'),
(429, 106, 'roger56@noos.fr'),
(430, 106, 'francois.bouvet@delmas.org'),
(431, 107, 'zdacosta@yahoo.fr'),
(432, 107, 'auger.marguerite@orange.fr'),
(433, 107, 'thibault81@mathieu.org'),
(434, 107, 'teixeira.alphonse@noos.fr'),
(435, 107, 'pbrunet@laposte.net'),
(436, 107, 'nmercier@menard.net'),
(437, 52, 'rweber@verdier.com'),
(438, 52, 'francoise.lecomte@tiscali.fr'),
(439, 52, 'marty.andre@roger.com'),
(440, 52, 'raymond80@tele2.fr'),
(441, 109, 'salmon.louise@roussel.fr'),
(442, 109, 'susanne66@marechal.net'),
(443, 110, 'marie.david@fleury.org'),
(444, 110, 'alix.lefort@gmail.com'),
(445, 110, 'william58@dupuy.fr'),
(446, 110, 'yves.gonzalez@voila.fr'),
(447, 110, 'richard00@merle.fr'),
(448, 111, 'thierry.levy@petit.net'),
(449, 111, 'chauvet.alice@chauvin.org'),
(450, 111, 'hugues.lemaitre@roux.com'),
(451, 111, 'wbenard@tessier.org'),
(452, 111, 'anouk.moulin@weber.fr'),
(453, 111, 'margaret.lebon@gregoire.com'),
(454, 81, 'roland63@club-internet.fr'),
(455, 81, 'michel.lejeune@leduc.org'),
(456, 81, 'gay.francois@guillon.com'),
(457, 81, 'pdevaux@hotmail.fr'),
(458, 113, 'eleblanc@dbmail.com'),
(459, 113, 'gguibert@gmail.com'),
(460, 113, 'sjulien@noos.fr'),
(461, 113, 'vteixeira@georges.com'),
(462, 113, 'philippe25@club-internet.fr'),
(463, 113, 'hoarau.marcelle@yahoo.fr'),
(464, 105, 'josette95@masse.com'),
(465, 105, 'michelle.chevalier@sfr.fr'),
(466, 105, 'margaret65@dbmail.com'),
(467, 15, 'alix53@yahoo.fr'),
(468, 15, 'marianne.monnier@ribeiro.fr'),
(469, 15, 'benjamin98@gomes.fr'),
(470, 15, 'texier.victoire@faure.org'),
(471, 116, 'michel.patrick@pelletier.com'),
(472, 116, 'nathalie.bouchet@garcia.com'),
(473, 117, 'michel.jerome@club-internet.fr'),
(474, 117, 'edouard33@cohen.com'),
(475, 117, 'mallet.aime@dupre.net'),
(476, 117, 'leconte.patricia@barre.fr'),
(477, 118, 'franck.lebon@leclercq.fr'),
(478, 118, 'vgoncalves@picard.fr'),
(479, 118, 'gabrielle07@dbmail.com'),
(480, 118, 'oroger@club-internet.fr'),
(481, 118, 'cguichard@yahoo.fr'),
(482, 118, 'honore80@brun.com'),
(483, 119, 'xavier72@huet.fr'),
(484, 119, 'stephanie95@hebert.fr'),
(485, 120, 'kleconte@gomez.fr'),
(486, 120, 'ldesousa@grondin.net'),
(487, 120, 'bcoulon@yahoo.fr'),
(488, 120, 'amelie.tanguy@girard.net'),
(489, 121, 'lorraine30@lemoine.com'),
(490, 121, 'louis.martins@dbmail.com'),
(491, 121, 'jerome.hardy@sfr.fr'),
(492, 121, 'carre.thibault@renault.org'),
(493, 122, 'paulette.bonnin@free.fr'),
(494, 122, 'godard.guillaume@tiscali.fr'),
(495, 122, 'nbernard@muller.org'),
(496, 21, 'valerie.gomez@klein.com'),
(497, 21, 'thibault75@yahoo.fr'),
(498, 21, 'philippe.jacquet@descamps.org'),
(499, 21, 'dmaury@bouygtel.fr'),
(500, 21, 'nicolas38@desousa.fr'),
(501, 97, 'uperrot@tiscali.fr'),
(502, 97, 'hamon.margaux@tele2.fr'),
(503, 97, 'marguerite.jourdan@orange.fr'),
(504, 97, 'alexandre06@lemaitre.com'),
(505, 97, 'edith16@tiscali.fr'),
(506, 125, 'hcohen@noos.fr'),
(507, 125, 'eugene02@free.fr'),
(508, 125, 'jacques.valentine@live.com'),
(509, 125, 'mpeltier@leroux.org'),
(510, 125, 'vlaine@leroux.com'),
(511, 126, 'nlopes@loiseau.org'),
(512, 126, 'benoit57@dacosta.com'),
(513, 126, 'rousset.frederic@gomes.com'),
(514, 126, 'robin.josephine@laposte.net'),
(515, 127, 'wagner.jerome@sfr.fr'),
(516, 127, 'thibaut.renaud@vallet.fr'),
(517, 127, 'claude75@ifrance.com'),
(518, 127, 'dominique.duval@chevallier.fr'),
(519, 128, 'roux.emile@peron.com'),
(520, 128, 'hleroux@parent.org'),
(521, 128, 'raymond.guilbert@bouygtel.fr'),
(522, 128, 'jpasquier@ifrance.com'),
(523, 128, 'lsimon@laposte.net'),
(524, 129, 'jules.lucas@tele2.fr'),
(525, 129, 'raymond.elise@julien.fr'),
(526, 129, 'hcosta@laposte.net'),
(527, 129, 'marcel63@bonneau.fr'),
(528, 130, 'uvalette@barre.com'),
(529, 130, 'lucas.valentine@delaunay.fr'),
(530, 131, 'girard.aime@noos.fr'),
(531, 131, 'oceane26@voila.fr'),
(532, 131, 'philippine.buisson@blanchard.org'),
(533, 131, 'hlefort@orange.fr'),
(534, 131, 'obrunet@huet.com'),
(535, 131, 'laurent51@gmail.com'),
(536, 132, 'rene21@paul.fr'),
(537, 132, 'bdupont@tele2.fr'),
(538, 68, 'xarnaud@hotmail.fr'),
(539, 68, 'gaudin.robert@live.com'),
(540, 68, 'vauger@voila.fr'),
(541, 68, 'victor39@laporte.net'),
(542, 68, 'jules98@laposte.net'),
(543, 68, 'diane57@bouygtel.fr'),
(544, 134, 'giraud.auguste@cohen.com'),
(545, 134, 'alain.peltier@noos.fr'),
(546, 134, 'texier.michel@tiscali.fr'),
(547, 134, 'philippe92@yahoo.fr'),
(548, 57, 'herve.isaac@perez.com'),
(549, 57, 'christiane48@teixeira.net'),
(550, 57, 'adrien.fischer@lopez.com'),
(551, 57, 'guillon.sabine@dbmail.com'),
(552, 57, 'devaux.jules@wanadoo.fr'),
(553, 136, 'jeannine.blanc@hamon.fr'),
(554, 136, 'rodrigues.henriette@sfr.fr'),
(555, 136, 'gabriel35@pottier.fr'),
(556, 137, 'franck.descamps@free.fr'),
(557, 137, 'josephine42@pereira.com'),
(558, 137, 'luc45@leclerc.org'),
(559, 137, 'rene36@tiscali.fr'),
(560, 137, 'olivie.leroux@blin.fr'),
(561, 138, 'ramos.alice@leroy.com'),
(562, 138, 'bertrand.baudry@voila.fr'),
(563, 138, 'victor20@ifrance.com'),
(564, 139, 'susan.durand@yahoo.fr'),
(565, 139, 'andre.gabrielle@voila.fr'),
(566, 139, 'robert.yves@morel.com'),
(567, 139, 'martine64@tele2.fr'),
(568, 139, 'denise.duval@dbmail.com'),
(569, 140, 'girard.jeanne@perrot.fr'),
(570, 140, 'marie45@tele2.fr'),
(571, 140, 'sophie.prevost@barbe.fr'),
(572, 140, 'allain.eugene@carlier.fr'),
(573, 141, 'dlaroche@laposte.net'),
(574, 141, 'yves.gros@guillon.net'),
(575, 141, 'lblot@club-internet.fr'),
(576, 141, 'zbenoit@martineau.com'),
(577, 23, 'timothee46@yahoo.fr'),
(578, 23, 'hugues.alexandre@club-internet.fr'),
(579, 23, 'devaux.alex@andre.fr'),
(580, 143, 'adrien68@club-internet.fr'),
(581, 143, 'gilles39@gilbert.com'),
(582, 143, 'emile82@tiscali.fr'),
(583, 144, 'peron.thierry@joubert.fr'),
(584, 144, 'klemaitre@perrot.com'),
(585, 144, 'blot.colette@perrot.fr'),
(586, 144, 'fmasson@free.fr'),
(587, 145, 'honore02@marques.net'),
(588, 145, 'arthur06@gallet.fr'),
(589, 145, 'marc38@orange.fr'),
(590, 146, 'raymond.denis@bouygtel.fr'),
(591, 146, 'lebreton.simone@rossi.com'),
(592, 146, 'luce.olivier@raymond.org'),
(593, 147, 'josette66@benard.org'),
(594, 147, 'nathalie28@meunier.fr'),
(595, 147, 'letellier.henriette@hotmail.fr'),
(596, 147, 'legendre.emmanuelle@live.com'),
(597, 147, 'aguilbert@ifrance.com'),
(598, 148, 'ebrun@live.com'),
(599, 148, 'dlaine@mallet.fr'),
(600, 148, 'amartineau@jean.com'),
(601, 79, 'martine99@yahoo.fr'),
(602, 79, 'boulay.anouk@bouygtel.fr'),
(603, 79, 'chevallier.patricia@club-internet.fr'),
(604, 79, 'julien.aime@gomes.net'),
(605, 79, 'charles.arthur@coulon.fr'),
(606, 79, 'pasquier.colette@menard.com'),
(607, 150, 'josette.gosselin@hotmail.fr'),
(608, 150, 'pereira.emilie@wanadoo.fr'),
(609, 150, 'kgrondin@tele2.fr'),
(610, 150, 'vincent37@hotmail.fr'),
(611, 151, 'clerc.antoinette@marty.fr'),
(612, 151, 'dorothee96@petit.com'),
(613, 151, 'chevalier.emmanuelle@camus.fr'),
(614, 151, 'sledoux@maurice.com'),
(615, 151, 'isabelle89@benoit.fr'),
(616, 151, 'xbesnard@levy.net'),
(617, 147, 'bertin.paul@poirier.org'),
(618, 147, 'yregnier@boucher.fr'),
(619, 147, 'gregnier@grenier.com'),
(620, 147, 'raymond.brunel@collin.com'),
(621, 153, 'tpichon@schneider.net'),
(622, 153, 'fouquet.francois@morvan.com'),
(623, 153, 'lebon.margaux@sfr.fr'),
(624, 153, 'marc05@lefevre.fr'),
(625, 153, 'raymond78@imbert.net'),
(626, 153, 'xbailly@bailly.com'),
(627, 154, 'aubry.benoit@live.com'),
(628, 154, 'thernandez@dbmail.com'),
(629, 154, 'tperez@berthelot.fr'),
(630, 154, 'bguillet@maillet.com'),
(631, 154, 'lebon.victor@ferreira.com'),
(632, 6, 'gpaul@gmail.com'),
(633, 6, 'paul.david@yahoo.fr'),
(634, 6, 'monnier.robert@club-internet.fr'),
(635, 6, 'alice.raymond@voila.fr'),
(636, 6, 'potier.augustin@laposte.net'),
(637, 53, 'durand.martin@yahoo.fr'),
(638, 53, 'lpotier@voila.fr'),
(639, 53, 'ymace@hotmail.fr'),
(640, 157, 'desousa.pierre@masse.net'),
(641, 157, 'cschmitt@fernandez.net'),
(642, 157, 'vturpin@potier.fr'),
(643, 157, 'brigitte83@yahoo.fr'),
(644, 157, 'margaud08@hernandez.org'),
(645, 157, 'qbarthelemy@grenier.org'),
(646, 158, 'suzanne85@leduc.com'),
(647, 158, 'olivier.gomez@chartier.com'),
(648, 158, 'kroyer@tele2.fr'),
(649, 158, 'christophe89@ifrance.com'),
(650, 158, 'eric.coulon@ifrance.com'),
(651, 96, 'louise.verdier@noos.fr'),
(652, 96, 'agathe42@dubois.fr'),
(653, 160, 'gosselin.rene@hotmail.fr'),
(654, 160, 'martin.suzanne@boutin.fr'),
(655, 160, 'kmaillot@wanadoo.fr'),
(656, 160, 'joseph.gonzalez@live.com'),
(657, 160, 'anouk.letellier@gmail.com'),
(658, 137, 'astrid48@dbmail.com'),
(659, 137, 'albert.auguste@orange.fr'),
(660, 137, 'aurelie.rousseau@delorme.com'),
(661, 137, 'gregoire.timothee@boulay.com'),
(662, 162, 'ileblanc@wanadoo.fr'),
(663, 162, 'claude95@club-internet.fr'),
(664, 162, 'zoe.allard@roussel.fr'),
(665, 162, 'henri45@salmon.com'),
(666, 162, 'hleroux@yahoo.fr'),
(667, 163, 'gallet.alfred@ifrance.com'),
(668, 163, 'antoine.caroline@hotmail.fr'),
(669, 65, 'qsalmon@tele2.fr'),
(670, 65, 'raymond.leblanc@live.com'),
(671, 65, 'ylagarde@ifrance.com'),
(672, 65, 'slenoir@dossantos.com'),
(673, 65, 'rene15@noos.fr'),
(674, 65, 'bernard68@wanadoo.fr'),
(675, 165, 'jleveque@noos.fr'),
(676, 165, 'virginie90@ifrance.com'),
(677, 165, 'nmarques@olivier.com'),
(678, 165, 'lucas.giraud@guillou.fr'),
(679, 165, 'matthieu25@normand.org'),
(680, 165, 'elisabeth07@joseph.com'),
(681, 166, 'dijoux.margaret@breton.com'),
(682, 166, 'marine.ollivier@gauthier.fr'),
(683, 166, 'paulette.ruiz@baron.com'),
(684, 167, 'humbert.mathilde@pons.com'),
(685, 167, 'emile83@dbmail.com'),
(686, 167, 'alves.jacques@bousquet.fr'),
(687, 168, 'moulin.aurore@tele2.fr'),
(688, 168, 'kgonzalez@traore.com'),
(689, 168, 'guillaume23@laposte.net'),
(690, 168, 'plebrun@noos.fr'),
(691, 168, 'zsauvage@bouygtel.fr'),
(692, 99, 'susanne39@reynaud.org'),
(693, 99, 'vgautier@tele2.fr'),
(694, 99, 'sebastien79@turpin.net'),
(695, 170, 'dcollet@dbmail.com'),
(696, 170, 'lucas61@antoine.net'),
(697, 171, 'augustin.barbe@pichon.com'),
(698, 171, 'lboyer@guerin.fr'),
(699, 171, 'gilles.pinto@hubert.fr'),
(700, 171, 'gros.antoine@orange.fr'),
(701, 171, 'olivier.garcia@bouygtel.fr'),
(702, 172, 'ewagner@diaz.org'),
(703, 172, 'rene60@tiscali.fr'),
(704, 172, 'leveque.andre@paris.com'),
(705, 172, 'tbonneau@buisson.com'),
(706, 172, 'jleclercq@joly.com'),
(707, 126, 'mhubert@gmail.com'),
(708, 126, 'monnier.valerie@yahoo.fr'),
(709, 126, 'rousset.lucie@wanadoo.fr'),
(710, 126, 'antoinette.legros@dbmail.com'),
(711, 174, 'denise77@bouygtel.fr'),
(712, 174, 'spaul@tele2.fr'),
(713, 174, 'allard.alexandrie@lemonnier.com'),
(714, 174, 'edouard.gonzalez@girard.fr'),
(715, 175, 'augustin.moreno@live.com'),
(716, 175, 'jules.bouvet@hotmail.fr'),
(717, 176, 'augustin.gomes@benard.org'),
(718, 176, 'rthibault@free.fr'),
(719, 176, 'henri.blondel@noos.fr'),
(720, 177, 'georges69@dbmail.com'),
(721, 177, 'udias@wanadoo.fr'),
(722, 177, 'benoit62@paris.com'),
(723, 178, 'zsanchez@orange.fr'),
(724, 178, 'lebreton.nicole@voila.fr'),
(725, 178, 'llombard@boutin.fr'),
(726, 178, 'wcohen@sfr.fr'),
(727, 178, 'merle.theophile@joubert.fr'),
(728, 179, 'reynaud.sylvie@descamps.com'),
(729, 179, 'ctessier@live.com'),
(730, 179, 'deschamps.margot@hotmail.fr'),
(731, 179, 'nguyen.sabine@torres.fr'),
(732, 179, 'cherve@yahoo.fr'),
(733, 180, 'mathilde.gomez@lagarde.com'),
(734, 180, 'maurice.goncalves@louis.net'),
(735, 181, 'gregoire91@traore.org'),
(736, 181, 'leon46@breton.fr'),
(737, 181, 'jacquot.rene@seguin.com'),
(738, 182, 'nathalie38@bouygtel.fr'),
(739, 182, 'emilie.vasseur@hotmail.fr'),
(740, 182, 'gfabre@live.com'),
(741, 182, 'patricia30@dasilva.com'),
(742, 182, 'pinto.theophile@club-internet.fr'),
(743, 182, 'laure42@dbmail.com'),
(744, 183, 'vallee.maggie@dbmail.com'),
(745, 183, 'xjourdan@thibault.com'),
(746, 183, 'mbenoit@yahoo.fr'),
(747, 183, 'barbe.lucas@hotmail.fr'),
(748, 184, 'alexandria75@gmail.com'),
(749, 184, 'gregoire.chauvet@boucher.fr'),
(750, 184, 'luce07@pinto.fr'),
(751, 184, 'etraore@fernandez.com'),
(752, 184, 'jacqueline.peron@noos.fr'),
(753, 184, 'gilles18@tanguy.fr'),
(754, 185, 'idelannoy@dbmail.com'),
(755, 185, 'gilbert54@fabre.com'),
(756, 185, 'ncoulon@dbmail.com'),
(757, 185, 'mverdier@gmail.com'),
(758, 186, 'blanchet.augustin@club-internet.fr'),
(759, 186, 'hernandez.philippe@club-internet.fr'),
(760, 186, 'evrard.zacharie@bouygtel.fr'),
(761, 186, 'eseguin@marchal.com'),
(762, 17, 'lorraine.chartier@noos.fr'),
(763, 17, 'noel.vallee@tele2.fr'),
(764, 17, 'roland.marechal@voila.fr'),
(765, 17, 'laurent.michele@riviere.fr'),
(766, 17, 'claude69@martel.org'),
(767, 17, 'thibaut.henry@charpentier.fr');

-- --------------------------------------------------------

--
-- Structure de la table `numero_de_telephone`
--

DROP TABLE IF EXISTS `numero_de_telephone`;
CREATE TABLE IF NOT EXISTS `numero_de_telephone` (
  `IDnumero_de_telephone` int(11) NOT NULL AUTO_INCREMENT,
  `IDannuaire` int(11) NOT NULL,
  `numero_de_telephone` int(11) NOT NULL,
  PRIMARY KEY (`IDnumero_de_telephone`),
  KEY `annuaire/numero_telephone` (`IDannuaire`)
) ENGINE=InnoDB AUTO_INCREMENT=141 DEFAULT CHARSET=utf8mb4;

--
-- Déchargement des données de la table `numero_de_telephone`
--

INSERT INTO `numero_de_telephone` (`IDnumero_de_telephone`, `IDannuaire`, `numero_de_telephone`) VALUES
(1, 1, 126564779),
(2, 1, 743030473),
(3, 2, 814964905),
(4, 2, 410460516),
(5, 3, 937127771),
(6, 4, 444817034),
(7, 4, 791399390),
(8, 4, 100520891),
(9, 5, 767287943),
(10, 5, 196186923),
(11, 6, 996945056),
(12, 7, 689138650),
(13, 7, 320031564),
(14, 8, 786776303),
(15, 8, 659881611),
(16, 9, 429236212),
(17, 9, 891338512),
(18, 10, 893858191),
(19, 10, 387097842),
(20, 10, 552193332),
(26, 27, 777282738),
(27, 27, 799530855),
(28, 25, 685672197),
(29, 29, 516264105),
(30, 29, 194141963),
(31, 30, 630766714),
(32, 31, 162103957),
(33, 32, 351312579),
(34, 34, 279857850),
(35, 35, 646315937),
(36, 35, 332987831),
(37, 36, 148170140),
(38, 37, 624059426),
(39, 38, 679484808),
(40, 38, 286158246),
(41, 39, 144060210),
(42, 40, 129349371),
(43, 41, 542012016),
(44, 41, 538760161),
(45, 43, 929410122),
(46, 45, 203139704),
(47, 46, 192938808),
(48, 46, 940395387),
(49, 47, 892570694),
(50, 47, 255239775),
(51, 49, 825832694),
(52, 51, 343707416),
(53, 53, 227044669),
(54, 53, 166378590),
(55, 54, 151355763),
(56, 59, 385352127),
(57, 61, 892577456),
(58, 63, 335915843),
(59, 61, 160031124),
(60, 52, 779571351),
(61, 69, 399399769),
(62, 71, 285841908),
(63, 73, 818319952),
(64, 46, 698075717),
(65, 59, 275787362),
(66, 59, 644226652),
(67, 59, 393036952),
(68, 84, 966272575),
(69, 87, 954297999),
(70, 89, 905854710),
(71, 89, 590246001),
(72, 93, 116515836),
(73, 95, 972182693),
(74, 98, 965769487),
(75, 98, 792160462),
(76, 99, 898455999),
(77, 99, 891916136),
(78, 100, 680502930),
(79, 101, 137051641),
(80, 46, 223123871),
(81, 46, 329272894),
(82, 104, 366342152),
(83, 107, 600018613),
(84, 109, 106488202),
(85, 109, 582284679),
(86, 109, 439191958),
(87, 110, 206067941),
(88, 110, 492757203),
(89, 105, 197428139),
(90, 117, 339651966),
(91, 120, 816425566),
(92, 97, 629676182),
(93, 127, 468557739),
(94, 128, 907424700),
(95, 131, 475532252),
(96, 134, 898376417),
(97, 57, 899322775),
(98, 136, 410836759),
(99, 136, 973926585),
(100, 138, 619708375),
(101, 139, 156191739),
(102, 141, 620031889),
(103, 143, 103572896),
(104, 143, 115043407),
(105, 144, 893737640),
(106, 144, 515389834),
(107, 146, 983371584),
(108, 148, 662276304),
(109, 79, 260500510),
(110, 79, 378938626),
(111, 151, 527616709),
(112, 147, 160907741),
(113, 154, 217575629),
(114, 157, 160827391),
(115, 157, 451408731),
(116, 158, 112120761),
(117, 96, 295130585),
(118, 96, 553182020),
(119, 137, 378659963),
(120, 162, 524050633),
(121, 65, 818182323),
(122, 65, 162945950),
(123, 166, 638534648),
(124, 167, 137741673),
(125, 167, 615996775),
(126, 168, 434092122),
(127, 99, 920134899),
(128, 126, 781480525),
(129, 126, 920056359),
(130, 174, 608078579),
(131, 175, 102187094),
(132, 179, 638771425),
(133, 179, 135953324),
(134, 180, 983448622),
(135, 180, 892430374),
(136, 181, 326995645),
(137, 183, 754321041),
(138, 186, 598332372),
(139, 186, 318745002),
(140, 17, 194695536);

-- --------------------------------------------------------

--
-- Structure de la table `specialiter`
--

DROP TABLE IF EXISTS `specialiter`;
CREATE TABLE IF NOT EXISTS `specialiter` (
  `IDspecialiter` int(11) NOT NULL AUTO_INCREMENT,
  `specialiter` varchar(100) NOT NULL,
  PRIMARY KEY (`IDspecialiter`),
  UNIQUE KEY `specialiter` (`specialiter`)
) ENGINE=InnoDB AUTO_INCREMENT=15 DEFAULT CHARSET=utf8mb4;

--
-- Déchargement des données de la table `specialiter`
--

INSERT INTO `specialiter` (`IDspecialiter`, `specialiter`) VALUES
(14, 'c++'),
(1, 'css'),
(2, 'html'),
(5, 'java'),
(3, 'js'),
(6, 'lua'),
(4, 'php');

-- --------------------------------------------------------

--
-- Structure de la table `user`
--

DROP TABLE IF EXISTS `user`;
CREATE TABLE IF NOT EXISTS `user` (
  `IDuser` int(11) NOT NULL AUTO_INCREMENT,
  `nom` varchar(100) NOT NULL,
  PRIMARY KEY (`IDuser`),
  UNIQUE KEY `nom` (`nom`)
) ENGINE=InnoDB AUTO_INCREMENT=18 DEFAULT CHARSET=utf8mb4;

--
-- Déchargement des données de la table `user`
--

INSERT INTO `user` (`IDuser`, `nom`) VALUES
(2, 'Alex Goncalves'),
(14, 'Astrid Breton'),
(3, 'Benjamin Guyon'),
(1, 'Christine Duval'),
(5, 'Édith Moulin'),
(12, 'Éric Mary'),
(10, 'Gabriel Peron'),
(16, 'Gilbert De Sousa'),
(17, 'Lucy du Collin'),
(13, 'Marcel Collet'),
(11, 'Olivier-William Noel'),
(8, 'Pierre Robin'),
(15, 'Raymond Leroy'),
(4, 'Robert Aubry'),
(9, 'Robert Marion'),
(7, 'Sylvie Pelletier'),
(6, 'Victoire Muller');

--
-- Contraintes pour les tables déchargées
--

--
-- Contraintes pour la table `annuaire`
--
ALTER TABLE `annuaire`
  ADD CONSTRAINT `user/annuaire` FOREIGN KEY (`IDuser`) REFERENCES `user` (`IDuser`);

--
-- Contraintes pour la table `annuaire/specialiter`
--
ALTER TABLE `annuaire/specialiter`
  ADD CONSTRAINT `annuaire/specialiter` FOREIGN KEY (`IDannuaire`) REFERENCES `annuaire` (`IDannuaire`),
  ADD CONSTRAINT `annuaire/specialiter2` FOREIGN KEY (`IDspecialiter`) REFERENCES `specialiter` (`IDspecialiter`);

--
-- Contraintes pour la table `email`
--
ALTER TABLE `email`
  ADD CONSTRAINT `annuaire/email` FOREIGN KEY (`IDannuaire`) REFERENCES `annuaire` (`IDannuaire`);

--
-- Contraintes pour la table `numero_de_telephone`
--
ALTER TABLE `numero_de_telephone`
  ADD CONSTRAINT `annuaire/numero_telephone` FOREIGN KEY (`IDannuaire`) REFERENCES `annuaire` (`IDannuaire`);
COMMIT;

/*!40101 SET CHARACTER_SET_CLIENT=@OLD_CHARACTER_SET_CLIENT */;
/*!40101 SET CHARACTER_SET_RESULTS=@OLD_CHARACTER_SET_RESULTS */;
/*!40101 SET COLLATION_CONNECTION=@OLD_COLLATION_CONNECTION */;
